timestamp,open,high,low,close,adjusted close,volume,dividend amount
2021-02-19,2091.7500,2145.1400,2083.4300,2088.8100,2088.8100,5562207,0.0000
2021-02-12,2100.0000,2115.0000,2052.2400,2095.0300,2095.0300,5760739,0.0000
2021-02-05,1844.5850,2106.6234,1844.5850,2088.8300,2088.8300,13938497,0.0000
2021-01-29,1912.7400,1921.8200,1797.2800,1827.3600,1827.3600,13218469,0.0000
2021-01-22,1743.0000,1932.0800,1732.8300,1892.5600,1892.5600,9860689,0.0000
2021-01-15,1777.0200,1784.3800,1711.7100,1727.6200,1727.6200,7405602,0.0000
2021-01-08,1760.0000,1799.3550,1696.1014,1797.8300,1797.8300,9084613,0.0000
2020-12-31,1744.9100,1788.4700,1728.0000,1752.6400,1752.6400,4470716,0.0000
2020-12-24,1709.1300,1744.1100,1694.0000,1734.1600,1734.1600,4331858,0.0000
2020-12-18,1770.7200,1789.8000,1715.0000,1726.2200,1726.2200,9961441,0.0000
2020-12-11,1815.5500,1829.2900,1733.5270,1774.8000,1774.8000,6063432,0.0000
2020-12-04,1775.6500,1843.8300,1747.8400,1823.7600,1823.7600,7217695,0.0000
2020-11-27,1740.2200,1797.0100,1710.1800,1787.0200,1787.0200,4207518,0.0000
2020-11-20,1764.1400,1794.3400,1730.0200,1736.3800,1736.3800,5735466,0.0000
2020-11-13,1795.9800,1816.8900,1716.1200,1772.2600,1772.2600,9227228,0.0000
2020-11-06,1623.5400,1791.8180,1612.1080,1759.7300,1759.7300,10769230,0.0000
2020-10-30,1615.0000,1681.3150,1508.4800,1616.1100,1616.1100,13111670,0.0000
2020-10-23,1575.9300,1634.1200,1520.5000,1632.9800,1632.9800,9641795,0.0000
2020-10-16,1538.0000,1588.4200,1529.3000,1567.7000,1567.7000,9651811,0.0000
2020-10-09,1462.6500,1511.8500,1433.2300,1510.4500,1510.4500,7142400,0.0000
2020-10-02,1471.9900,1495.0700,1446.2800,1455.6000,1455.6000,8381871,0.0000
2020-09-25,1431.6200,1463.9700,1402.1500,1439.0600,1439.0600,9673534,0.0000
2020-09-18,1531.6471,1557.0000,1431.6200,1451.0900,1451.0900,9545375,0.0000
2020-09-11,1525.0000,1573.6600,1493.0200,1515.7600,1515.7600,7850195,0.0000
2020-09-04,1643.5700,1726.1022,1537.9701,1581.2100,1581.2100,10909755,0.0000
2020-08-28,1592.4700,1652.7900,1575.0400,1639.4300,1639.4300,7837417,0.0000
2020-08-21,1515.9700,1591.8800,1505.0000,1575.5700,1575.5700,7001858,0.0000
2020-08-14,1490.8000,1536.9744,1477.4901,1504.6300,1504.6300,5925512,0.0000
2020-08-07,1491.0000,1520.0900,1464.0300,1498.3700,1498.3700,8645767,0.0000
2020-07-31,1513.2600,1540.8900,1454.0000,1487.9500,1487.9500,10413995,0.0000
2020-07-24,1515.0000,1587.0500,1487.5900,1508.2100,1508.2100,7233702,0.0000
2020-07-17,1549.9400,1576.3600,1485.9300,1516.8500,1516.8500,8641939,0.0000
2020-07-10,1488.1500,1541.3400,1476.9800,1539.0100,1539.0100,9830204,0.0000
2020-07-02,1360.3400,1488.5200,1351.6500,1469.9300,1469.9300,9238766,0.0000
2020-06-26,1425.0100,1475.7900,1355.0000,1362.5400,1362.5400,11019155,0.0000
2020-06-19,1389.4900,1462.2000,1387.2000,1424.6400,1424.6400,8975216,0.0000
2020-06-12,1426.2800,1472.7700,1385.8000,1412.9200,1412.9200,9154151,0.0000
2020-06-05,1425.7000,1449.0100,1406.0100,1440.0200,1440.0200,7299418,0.0000
2020-05-29,1441.9600,1445.1100,1394.6000,1433.5200,1433.5200,7425982,0.0000
2020-05-22,1361.5800,1417.0000,1354.2000,1413.2400,1413.2400,8813466,0.0000
2020-05-15,1376.7900,1415.5300,1323.3000,1373.0600,1373.0600,9260350,0.0000
2020-05-08,1308.1300,1396.6400,1296.0100,1384.3400,1384.3400,8312600,0.0000
2020-05-01,1292.0000,1360.1500,1230.3800,1317.3200,1317.3200,16897906,0.0000
2020-04-24,1269.8900,1288.1500,1205.0000,1276.6000,1276.6000,10144930,0.0000
2020-04-17,1201.5000,1290.0000,1182.3300,1279.0000,1279.0000,12662413,0.0000
2020-04-09,1133.0000,1221.9900,1125.0000,1206.5700,1206.5700,10965082,0.0000
2020-04-03,1132.6400,1173.4000,1075.0800,1092.7000,1092.7000,14188545,0.0000
2020-03-27,1056.3700,1171.4800,1008.8700,1110.2600,1110.2600,19297309,0.0000
2020-03-20,1089.6100,1152.6100,1037.0000,1068.2100,1068.2100,21469652,0.0000
2020-03-13,1204.9600,1275.8500,1108.4700,1214.2700,1214.2700,17634104,0.0000
2020-03-06,1351.3900,1408.1900,1257.2100,1295.7400,1295.7400,13932728,0.0000
2020-02-28,1423.0500,1436.8500,1268.2100,1339.2500,1339.2500,14672559,0.0000
2020-02-21,1514.3400,1530.7400,1478.4900,1483.4600,1483.4600,5846578,0.0000
2020-02-14,1477.2300,1529.8800,1475.2000,1518.7300,1518.7300,7515370,0.0000
2020-02-07,1461.6500,1486.3000,1422.0300,1479.1100,1479.1100,13530648,0.0000
2020-01-31,1431.5400,1469.6700,1419.5000,1432.7800,1432.7800,7821663,0.0000
2020-01-24,1479.0000,1500.5800,1463.1800,1466.1700,1466.1700,6631966,0.0000
2020-01-17,1435.2500,1480.5500,1425.3700,1479.5200,1479.5200,7833938,0.0000
2020-01-10,1351.6300,1434.9400,1351.0000,1428.9600,1428.9600,8806689,0.0000
2020-01-03,1356.8100,1373.7500,1332.1300,1361.5200,1361.5200,4511547,0.0000
2019-12-27,1358.7300,1367.0700,1344.1600,1354.6400,1354.6400,4015050,0.0000
2019-12-20,1355.0000,1364.3300,1348.7500,1351.2200,1351.2200,8256670,0.0000
2019-12-13,1338.8600,1357.5500,1334.0000,1346.8700,1346.8700,6576777,0.0000
2019-12-06,1302.5600,1342.4700,1277.0500,1339.3900,1339.3900,7454667,0.0000
2019-11-29,1296.2600,1317.6400,1295.6100,1304.0900,1304.0900,3857352,0.0000
2019-11-22,1332.3400,1333.9200,1289.2100,1293.6700,1293.6700,6605123,0.0000
2019-11-15,1304.0000,1333.5400,1292.1500,1333.5400,1333.5400,6657281,0.0000
2019-11-08,1276.1100,1322.6500,1276.1100,1309.0000,1309.0000,7799211,0.0000
2019-11-01,1275.0000,1299.2400,1249.4800,1272.2500,1272.2500,10139174,0.0000
2019-10-25,1248.7000,1268.0000,1239.8500,1264.3000,1264.3000,5858543,0.0000
2019-10-18,1213.8900,1263.7500,1211.8800,1244.4100,1244.4100,5879842,0.0000
2019-10-11,1207.0000,1228.7500,1189.4800,1215.7100,1215.7100,4519358,0.0000
2019-10-04,1220.6000,1232.8600,1163.1400,1210.9600,1210.9600,6950217,0.0000
2019-09-27,1226.5700,1248.0200,1209.2000,1225.9500,1225.9500,7282001,0.0000
2019-09-20,1230.4400,1244.3400,1216.4700,1229.8400,1229.8400,6135614,0.0000
2019-09-13,1207.0800,1242.4100,1193.1700,1240.0300,1240.0300,6931093,0.0000
2019-09-06,1181.8500,1214.0000,1163.7100,1206.3200,1206.3200,4631018,0.0000
2019-08-30,1159.4500,1200.3500,1154.8500,1190.5300,1190.5300,4951718,0.0000
2019-08-23,1191.8300,1209.3900,1150.0000,1153.5800,1153.5800,5622748,0.0000
2019-08-16,1180.0000,1205.4300,1161.0700,1179.2100,1179.2100,7000886,0.0000
2019-08-09,1172.9700,1206.2800,1142.7500,1188.9000,1188.9000,8253819,0.0000
2019-08-02,1242.5000,1248.9900,1190.0000,1196.3200,1196.3200,9014622,0.0000
2019-07-26,1135.4700,1268.3900,1123.7100,1245.2200,1245.2200,12638085,0.0000
2019-07-19,1145.3400,1158.5800,1131.2500,1131.5500,1131.5500,5735888,0.0000
2019-07-12,1125.8700,1153.2400,1107.1500,1145.3400,1145.3400,6898001,0.0000
2019-07-05,1101.0400,1134.6500,1095.3300,1132.6600,1132.6600,4993764,0.0000
2019-06-28,1120.0000,1123.5700,1073.6900,1082.8000,1082.8000,7416465,0.0000
2019-06-21,1089.1000,1126.5700,1088.0000,1125.3700,1125.3700,7790598,0.0000
2019-06-14,1077.0000,1104.0100,1069.6000,1086.3000,1086.3000,6554896,0.0000
2019-06-07,1066.9300,1073.4300,1027.0300,1068.3700,1068.3700,13861863,0.0000
2019-05-31,1141.4800,1156.4900,1103.3500,1106.5000,1106.5000,5342964,0.0000
2019-05-24,1153.0000,1163.7800,1133.1600,1138.6100,1138.6100,5687961,0.0000
2019-05-17,1145.2400,1194.1600,1121.4000,1168.7800,1168.7800,10299791,0.0000
2019-05-10,1172.0000,1195.4300,1146.3700,1167.6400,1167.6400,7755156,0.0000
2019-05-03,1280.5100,1296.9700,1158.3300,1189.5500,1189.5500,18328501,0.0000
2019-04-26,1236.6700,1278.9100,1233.3700,1277.4200,1277.4200,6646245,0.0000
2019-04-18,1224.0900,1245.9400,1214.5600,1241.4700,1241.4700,5077147,0.0000
2019-04-12,1211.1100,1223.0500,1198.3800,1222.7300,1222.7300,4912441,0.0000
2019-04-05,1187.5400,1220.6000,1186.3600,1211.4500,1211.4500,5461755,0.0000
2019-03-29,1199.5600,1209.4400,1163.4300,1176.8900,1176.8900,7052594,0.0000
2019-03-22,1189.6900,1236.4400,1181.4800,1207.6500,1207.6500,7915665,0.0000
2019-03-15,1152.0000,1207.1200,1151.5700,1190.3000,1190.3000,8865376,0.0000
2019-03-08,1154.5600,1176.4900,1130.2000,1149.9700,1149.9700,7648302,0.0000
2019-03-01,1121.9300,1150.0000,1106.7000,1148.5200,1148.5200,7242117,0.0000
2019-02-22,1116.6400,1130.9300,1097.9800,1116.5600,1116.5600,5439555,0.0000
2019-02-15,1103.7500,1142.8500,1100.0000,1119.6300,1119.6300,6525384,0.0000
2019-02-08,1119.0100,1154.0000,1093.5900,1102.3800,1102.3800,13451405,0.0000
2019-02-01,1090.0700,1134.4000,1066.0200,1118.6200,1118.6200,7591994,0.0000
2019-01-25,1096.0000,1103.3600,1067.5700,1101.5100,1101.5100,5861068,0.0000
2019-01-18,1053.3400,1118.0000,1048.5500,1107.3000,1107.3000,8703749,0.0000
2019-01-11,1080.9700,1093.3500,1056.4300,1064.4700,1064.4700,8366332,0.0000
2019-01-04,1057.8300,1080.0000,1022.3700,1078.0700,1078.0700,7648284,0.0000
2018-12-28,984.3200,1064.2300,977.6599,1046.6800,1046.6800,8151975,0.0000
2018-12-21,1047.0100,1075.7100,981.1900,991.2500,991.2500,15507967,0.0000
2018-12-14,1042.9400,1091.7300,1033.0000,1051.7100,1051.7100,7890547,0.0000
2018-12-07,1132.1600,1135.0000,1039.3700,1046.5800,1046.5800,9663870,0.0000
2018-11-30,1044.0000,1109.6500,1039.7700,1109.6500,1109.6500,10066358,0.0000
2018-11-23,1063.3900,1068.0000,1002.2100,1030.1000,1030.1000,7201156,0.0000
2018-11-16,1073.1300,1078.8700,1040.3500,1068.2700,1068.2700,8568330,0.0000
2018-11-09,1072.5300,1109.9300,1034.0000,1077.0200,1077.0200,9298766,0.0000
2018-11-02,1096.5400,1108.8300,1007.2000,1071.4900,1071.4900,14777481,0.0000
2018-10-26,1112.5100,1121.6900,1042.2300,1083.7500,1083.7500,14674089,0.0000
2018-10-19,1118.0000,1147.0000,1086.3400,1105.1800,1105.1800,9577334,0.0000
2018-10-12,1160.0000,1175.8600,1075.8900,1120.5400,1120.5400,12796968,0.0000
2018-10-05,1213.0000,1224.5200,1154.3200,1167.8300,1167.8300,8902796,0.0000
2018-09-28,1159.4100,1216.8600,1151.5000,1207.0800,1207.0800,8692223,0.0000
2018-09-21,1177.7700,1196.5800,1158.4500,1172.1200,1172.1200,10642149,0.0000
2018-09-14,1184.2000,1190.9400,1165.9500,1177.9800,1177.9800,7844644,0.0000
2018-09-07,1222.5200,1227.8700,1163.6100,1177.5900,1177.5900,8748175,0.0000
2018-08-31,1244.1400,1269.4900,1225.7500,1231.8000,1231.8000,8262766,0.0000
2018-08-24,1220.6600,1237.4000,1208.7000,1236.7500,1236.7500,5836098,0.0000
2018-08-17,1251.2000,1265.9700,1204.0000,1215.8500,1215.8500,7900859,0.0000
2018-08-10,1241.6100,1271.9600,1230.5300,1252.5100,1252.5100,7650541,0.0000
2018-08-03,1245.0500,1252.8900,1216.1900,1238.1600,1238.1600,8812112,0.0000
2018-07-27,1195.6600,1291.4400,1192.0100,1252.8900,1252.8900,16380165,0.0000
2018-07-20,1203.8100,1221.5900,1182.0000,1197.8800,1197.8800,9110035,0.0000
2018-07-13,1160.0000,1210.4400,1155.3700,1204.4200,1204.4200,7647826,0.0000
2018-07-06,1115.3500,1156.2000,1106.6000,1155.0800,1155.0800,4504111,0.0000
2018-06-29,1155.0000,1155.9900,1106.0700,1129.1900,1129.1900,9410202,0.0000
2018-06-22,1152.6900,1201.4900,1151.0000,1169.2900,1169.2900,10559580,0.0000
2018-06-15,1132.9400,1165.9900,1131.4000,1159.2700,1159.2700,8252467,0.0000
2018-06-08,1138.5000,1161.1000,1123.2300,1132.7100,1132.7100,8802256,0.0000
2018-06-01,1076.0000,1138.1600,1063.0800,1135.0000,1135.0000,10366549,0.0000
2018-05-25,1079.0000,1093.3000,1066.9600,1084.0800,1084.0800,5698651,0.0000
2018-05-18,1105.5700,1118.1500,1064.6800,1069.6400,1069.6400,8096281,0.0000
2018-05-11,1053.8900,1109.4100,1050.2700,1103.3800,1103.3800,8725368,0.0000
2018-05-04,1034.4200,1051.8800,1007.8900,1051.0000,1051.0000,9034426,0.0000
2018-04-27,1082.9800,1088.0000,1012.8600,1031.4500,1031.4500,17367176,0.0000
2018-04-20,1045.5500,1097.5100,1033.9200,1077.3200,1077.3200,9890256,0.0000
2018-04-13,1020.0400,1052.9800,1015.4100,1036.0400,1036.0400,8115960,0.0000
2018-04-06,1027.6200,1046.7100,994.2500,1009.9500,1009.9500,12154175,0.0000
2018-03-29,1050.6000,1064.5400,984.0000,1037.1400,1037.1400,13565185,0.0000
2018-03-23,1117.7600,1119.3700,1024.8700,1026.5500,1026.5500,13607845,0.0000
2018-03-16,1165.0500,1178.1600,1131.3600,1134.4200,1134.4200,10570899,0.0000
2018-03-09,1078.1300,1161.0000,1072.2700,1160.8400,1160.8400,7719518,0.0000
2018-03-02,1131.8600,1144.2500,1050.1100,1084.1400,1084.1400,11290005,0.0000
2018-02-23,1092.7600,1136.2000,1090.0000,1128.0900,1128.0900,6291593,0.0000
2018-02-16,1056.6700,1108.3100,1045.4900,1095.5000,1095.5000,10178492,0.0000
2018-02-09,1100.6100,1114.9900,997.0000,1046.2700,1046.2700,17522884,0.0000
2018-02-02,1188.0000,1198.0000,1111.1700,1119.2000,1119.2000,13544257,0.0000
2018-01-26,1143.8200,1187.5600,1141.8200,1187.5600,1187.5600,8468699,0.0000
2018-01-19,1140.3100,1148.8800,1123.4900,1143.5000,1143.5000,5888987,0.0000
2018-01-12,1111.0000,1131.3000,1103.9800,1130.6500,1130.6500,6529655,0.0000
2018-01-05,1053.0200,1113.5800,1053.0200,1110.2900,1110.2900,5889084,0.0000
2017-12-29,1068.6400,1068.8600,1052.7000,1053.4000,1053.4000,4080850,0.0000
2017-12-22,1076.4500,1086.4900,1067.6400,1068.8600,1068.8600,6271545,0.0000
2017-12-15,1051.1100,1075.2500,1044.1200,1072.0000,1072.0000,8763796,0.0000
2017-12-08,1027.8000,1056.4200,1002.3200,1049.3800,1049.3800,8110516,0.0000
2017-12-01,1058.5700,1080.0000,1016.9000,1025.0700,1025.0700,10288880,0.0000
2017-11-24,1036.0000,1060.0700,1032.6800,1056.5200,1056.5200,3472831,0.0000
2017-11-17,1040.8000,1051.7600,1029.3300,1035.8900,1035.8900,5210368,0.0000
2017-11-10,1049.1000,1062.6900,1035.8500,1044.1500,1044.1500,6099684,0.0000
2017-11-03,1029.1600,1050.6600,1022.3300,1049.9900,1049.9900,8445948,0.0000
2017-10-27,1005.1800,1063.6200,977.0800,1033.6700,1033.6700,11375532,0.0000
2017-10-20,1009.6300,1016.3100,997.3000,1005.0700,1005.0700,6573849,0.0000
2017-10-13,995.0000,1014.7600,981.1100,1007.8700,1007.8700,6888360,0.0000
2017-10-06,975.6500,994.2600,961.9500,993.6400,993.6400,6561286,0.0000
2017-09-29,939.4500,975.8100,924.5101,973.7200,973.7200,9033311,0.0000
2017-09-22,935.0100,952.8000,925.4000,943.2600,943.2600,6930224,0.0000
2017-09-15,947.2000,952.8500,931.2500,935.2900,935.2900,7011627,0.0000
2017-09-08,946.8600,951.3854,932.6800,941.4100,941.4100,4930745,0.0000
2017-09-01,931.8800,958.3300,919.3100,951.9900,951.9900,5990003,0.0000
2017-08-25,925.7700,946.3100,918.6000,930.5000,930.5000,6548687,0.0000
2017-08-18,939.0700,949.9000,923.4500,926.1800,926.1800,6456644,0.0000
2017-08-11,947.5200,952.4900,921.2200,930.0900,930.0900,8451241,0.0000
2017-08-04,960.0000,961.1925,932.5210,945.7900,945.7900,7715400,0.0000
2017-07-28,994.1000,1006.1900,937.0600,958.3300,958.3300,16494197,0.0000
2017-07-21,976.3200,998.6800,970.8000,993.8400,993.8400,7258645,0.0000
2017-07-14,941.9500,978.7000,941.9500,976.9100,976.9100,7012165,0.0000
2017-07-07,933.2200,944.6600,915.3100,940.8100,940.8100,7305416,0.0000
2017-06-30,990.0000,993.9900,929.6000,929.6800,929.6800,12014844,0.0000
2017-06-23,969.6500,986.6200,968.2000,986.0900,986.0900,6243485,0.0000
2017-06-16,958.7200,979.7000,936.7950,958.6200,958.6200,12482812,0.0000
2017-06-09,997.8900,1008.6100,953.3700,970.1200,970.1200,9490663,0.0000
2017-06-02,992.5000,999.6000,981.2900,996.1200,996.1200,6230734,0.0000
2017-05-26,957.0000,996.3900,956.5600,993.2700,993.2700,7537952,0.0000
2017-05-19,955.2900,965.8955,940.0600,954.6500,954.6500,7884601,0.0000
2017-05-12,947.4500,962.2000,947.3950,955.1400,955.1400,6853333,0.0000
2017-05-05,924.1500,959.1400,920.8000,950.2800,950.2800,9361706,0.0000
2017-04-28,868.4400,935.9000,866.1100,924.5200,924.5200,6870587,0.0000
2017-04-21,841.3800,863.9300,841.0300,858.9500,858.9500,5427375,0.0000
2017-04-13,841.5400,846.7372,834.6000,840.1800,840.1800,4229983,0.0000
2017-04-07,848.7500,860.5900,837.3000,842.1000,842.1000,7817017,0.0000
2017-03-31,828.0900,852.0000,824.3000,847.8000,847.8000,7302140,0.0000
2017-03-24,869.4800,873.4700,829.1000,835.1400,835.1400,10840277,0.0000
2017-03-17,860.8300,874.4200,860.1300,872.3700,872.3700,6533886,0.0000
2017-03-10,846.8600,864.2290,841.1700,861.4050,861.4050,5800684,0.0000
2017-03-03,844.9500,858.0000,841.4422,849.0800,849.0800,6469673,0.0000
2017-02-24,847.9900,853.7900,842.5000,847.8100,847.8100,5218821,0.0000
2017-02-17,837.7000,846.9400,835.8300,846.5500,846.5500,6482532,0.0000
2017-02-10,820.9200,837.1500,814.2900,834.8500,834.8500,6929071,0.0000
2017-02-03,837.0600,837.2300,812.0510,820.1300,820.1300,11005434,0.0000
2017-01-27,831.6100,867.0000,828.7000,845.0300,845.0300,13053648,0.0000
2017-01-20,830.0000,832.9999,823.2001,828.1700,828.1700,4845240,0.0000
2017-01-13,826.3700,834.6500,821.0100,830.9400,830.9400,6572250,0.0000
2017-01-06,800.6200,828.9600,796.8900,825.2100,825.2100,6832004,0.0000
2016-12-30,808.6800,816.0000,789.6200,792.4500,792.4500,4983989,0.0000
2016-12-23,809.2800,816.4900,804.5000,807.8000,807.8000,5892748,0.0000
2016-12-16,804.8200,824.3000,804.5311,809.8400,809.8400,9925051,0.0000
2016-12-09,770.0000,809.9500,766.9686,809.4500,809.4500,8968981,0.0000
2016-12-02,778.3500,799.7400,753.3600,764.4600,764.4600,11002387,0.0000
2016-11-25,778.1000,793.7700,772.6500,780.2300,780.2300,4951539,0.0000
2016-11-18,771.7600,791.2900,743.5900,775.9700,775.9700,11770466,0.0000
2016-11-11,794.9500,816.0400,765.5400,771.7500,771.7500,16362399,0.0000
2016-11-04,822.4300,822.6300,771.0043,781.1000,781.1000,11095124,0.0000
2016-10-28,830.0900,839.0000,814.6100,819.5600,819.5600,12461566,0.0000
2016-10-21,805.9900,829.8100,803.8300,824.0600,824.0600,7855458,0.0000
2016-10-14,803.9300,819.8600,798.6200,804.6000,804.6000,6606481,0.0000
2016-10-07,802.5500,808.5000,796.2300,800.7100,800.7100,6225546,0.0000
2016-09-30,809.8200,813.9100,800.4500,804.0600,804.0600,7320458,0.0000
2016-09-23,801.1100,819.0600,793.5600,814.9600,814.9600,6719002,0.0000
2016-09-16,784.5200,803.6450,783.5000,797.9700,797.9700,8683624,0.0000
2016-09-09,798.3900,810.8900,788.0500,788.4800,788.4800,6200554,0.0000
2016-09-02,793.0500,798.5200,786.3300,796.8700,796.8700,5665887,0.0000
2016-08-26,798.5100,801.0000,787.2300,793.2200,793.2200,5506876,0.0000
2016-08-19,807.2100,811.3600,796.3000,799.6500,799.6500,5039964,0.0000
2016-08-12,806.0000,813.8790,801.6900,807.0500,807.0500,5927365,0.0000
2016-08-05,786.6700,807.4900,785.0400,806.9300,806.9300,9370339,0.0000
2016-07-29,757.6800,803.9400,752.7503,791.3400,791.3400,12635220,0.0000
2016-07-22,737.9100,760.6400,736.5100,759.2800,759.2800,6580889,0.0000
2016-07-15,719.4200,741.0000,718.8650,735.6300,735.6300,6479058,0.0000
2016-07-08,705.0100,717.9000,699.0000,717.7800,717.7800,5423175,0.0000
2016-07-01,682.4900,712.5300,672.6600,710.2500,710.2500,10649657,0.0000
2016-06-24,710.3100,715.8700,684.9100,685.2000,685.2000,12148335,0.0000
2016-06-17,729.8200,739.0000,701.1200,704.2500,704.2500,10021781,0.0000
2016-06-10,738.5000,743.9300,728.2900,733.1900,733.1900,6742535,0.0000
2016-06-03,748.7600,753.4800,733.9100,735.8600,735.8600,6090295,0.0000
2016-05-27,719.9800,747.9100,716.9400,747.6000,747.6000,7851860,0.0000
2016-05-20,724.3200,735.8500,710.3050,721.7100,721.7100,7693643,0.0000
2016-05-13,726.7000,740.8000,723.5000,724.8300,724.8300,7644027,0.0000
2016-05-06,711.9200,725.9900,704.0500,725.1800,725.1800,8794454,0.0000
2016-04-29,735.3500,745.5900,703.2000,707.8800,707.8800,14621808,0.0000
2016-04-22,780.1900,790.9500,730.3700,737.7700,737.7700,16509086,0.0000
2016-04-15,765.4500,780.9300,751.5650,780.0000,780.0000,7664552,0.0000
2016-04-08,769.5100,772.4400,755.6000,759.4700,759.4700,6282625,0.0000
2016-04-01,756.1700,777.3100,748.2900,769.6700,769.6700,8318006,0.0000
2016-03-24,753.9100,765.3900,750.5000,754.8400,754.8400,5333140,0.0000
2016-03-18,744.9700,765.3400,742.8400,755.4100,755.4100,9637814,0.0000
2016-03-11,725.1500,744.9000,704.0000,744.8700,744.8700,11586941,0.0000
2016-03-04,721.0000,743.1210,716.8400,730.2200,730.2200,11526072,0.0000
2016-02-26,729.5100,736.1600,702.0200,724.8600,724.8600,9727950,0.0000
2016-02-19,718.6500,736.0000,710.1800,722.1100,722.1100,8739714,0.0000
2016-02-12,687.6800,723.2200,682.0100,706.8900,706.8900,17278292,0.0000
2016-02-05,771.2600,810.3500,700.1400,703.7600,703.7600,29648095,0.0000
2016-01-29,743.8400,765.1050,713.4500,761.3500,761.3500,12831131,0.0000
2016-01-22,720.1500,748.5600,687.7800,745.4600,745.4600,11512461,0.0000
2016-01-15,731.9500,753.0000,701.5100,710.4900,710.4900,14083573,0.0000
2016-01-08,762.2000,769.2000,728.9201,730.9100,730.9100,13572075,0.0000
2015-12-31,770.0000,798.6900,767.7300,778.0100,778.0100,6545076,0.0000
2015-12-24,763.0500,771.9000,754.1500,765.8400,765.8400,5610186,0.0000
2015-12-18,751.2600,781.5900,736.2600,756.8500,756.8500,13049089,0.0000
2015-12-11,780.0600,781.0000,748.6500,750.4200,750.4200,9494983,0.0000
2015-12-04,771.8700,793.0475,761.1200,779.2100,779.2100,10630546,0.0000
2015-11-27,777.4700,782.9000,758.1100,771.9700,771.9700,6029373,0.0000
2015-11-20,740.2100,779.3180,734.3300,777.0000,777.0000,10466325,0.0000
2015-11-13,758.5200,769.0800,739.4700,740.0700,740.0700,9544630,0.0000
2015-11-06,737.8800,766.3500,731.4500,761.6000,761.6000,9854520,0.0000
2015-10-30,720.0200,746.7900,720.0200,737.3900,737.3900,10183035,0.0000
2015-10-23,694.0000,752.5000,670.7000,719.3300,719.3300,16506654,0.0000
2015-10-16,669.1900,696.2200,667.2400,695.3200,695.3200,9194733,0.0000
2015-10-09,661.6000,678.8000,654.4900,671.2400,671.2400,9844668,0.0000
2015-10-02,639.0500,658.2555,617.8400,656.9900,656.9900,11582547,0.0000
2015-09-25,665.5100,669.0000,639.6550,640.1500,640.1500,10489374,0.0000
2015-09-18,655.6300,681.9900,649.5010,660.9200,660.9200,10602360,0.0000
2015-09-11,641.0000,657.3600,632.9000,655.3000,655.3000,7140652,0.0000
2015-09-04,656.2600,664.4100,625.0600,628.9600,628.9600,10154769,0.0000
2015-08-28,600.6000,673.9799,593.0900,659.6900,659.6900,19338453,0.0000
2015-08-21,688.0400,700.2000,643.1040,644.0300,644.0300,12613039,0.0000
2015-08-14,667.0900,704.0000,660.2300,689.3700,689.3700,13346857,0.0000
2015-08-07,657.6600,679.9100,657.6600,664.3900,664.3900,8099542,0.0000
2015-07-31,651.5700,668.0500,651.5500,657.5000,657.5000,10201547,0.0000
2015-07-24,688.9800,713.3300,653.1800,654.7700,654.7700,20999704,0.0000
2015-07-17,559.5100,703.0000,558.7000,699.6200,699.6200,26394744,0.0000
2015-07-10,542.2500,559.2900,539.8500,556.1100,556.1100,8003585,0.0000
2015-07-02,546.7500,550.9000,539.5400,547.3400,547.3400,6557466,0.0000
2015-06-26,559.4100,565.6100,551.8500,553.0600,553.0600,8272556,0.0000
2015-06-19,542.7300,557.9100,539.2100,557.5200,557.5200,9229971,0.0000
2015-06-12,549.6100,554.8300,538.8506,547.4700,547.4700,6950410,0.0000
2015-06-05,548.7300,558.7900,543.5800,549.5300,549.5300,7151965,0.0000
2015-05-29,552.5800,555.7600,542.9700,545.3200,545.3200,6965546,0.0000
2015-05-22,543.8200,558.2400,542.2500,554.5200,554.5200,8155292,0.0000
2015-05-15,548.4900,553.3699,535.0000,546.4900,546.4900,7327776,0.0000
2015-05-08,550.9900,556.6900,532.2350,548.9500,548.9500,8144581,0.0000
2015-05-01,572.7700,575.5200,543.8500,551.1600,551.1600,10134546,0.0000
2015-04-24,533.7500,584.7000,533.3500,573.6600,573.6600,13490329,0.0000
2015-04-17,547.0500,553.2700,529.0000,532.7400,532.7400,10222479,0.0000
2015-04-10,538.8400,551.5000,535.7000,548.5400,548.5400,7394644,0.0000
2015-04-02,560.2500,562.4500,540.4400,541.3100,541.3100,7319081,0.0000
2015-03-27,566.0000,581.8800,556.9300,557.5500,557.5500,12342751,0.0000
2015-03-20,556.9300,567.1000,551.3200,564.9500,564.9500,8502542,0.0000
2015-03-13,570.9200,575.4500,550.3300,553.0000,553.0000,8755837,0.0000
2015-03-06,567.0000,583.2000,563.1500,572.9000,572.9000,10620242,0.0000
2015-02-27,539.0000,569.4200,531.0000,562.6300,562.6300,11226505,0.0000
2015-02-20,551.1600,553.0000,538.1000,541.8000,541.8000,6970233,0.0000
2015-02-13,531.0600,552.5400,527.5500,551.1600,551.1600,10601126,0.0000
2015-02-06,534.3200,540.2150,521.7200,533.8750,533.8750,11622462,0.0000
2015-01-30,541.5000,543.1000,503.4800,537.5500,537.5500,15301382,0.0000
2015-01-23,512.7700,545.4100,509.3700,541.9500,541.9500,9763092,0.0000
2015-01-16,499.2400,510.8500,490.9100,510.4550,510.4550,13586732,0.0000
2015-01-09,527.1500,527.9899,495.0200,500.7200,500.7200,12864434,0.0000
2015-01-02,540.5000,543.9300,527.8800,529.5500,529.5500,5831578,0.0000
2014-12-26,520.6100,543.2500,520.5900,541.5200,541.5200,8047995,0.0000
2014-12-19,523.7600,525.3700,497.1900,520.0400,520.0400,19360087,0.0000
2014-12-12,529.2200,539.3600,521.4600,521.5100,521.5100,12161668,0.0000
2014-12-05,545.0900,548.7900,527.2600,528.0800,528.0800,10396156,0.0000
2014-11-28,546.5700,552.5000,544.1500,549.0800,549.0800,6247717,0.0000
2014-11-21,555.1900,555.1900,539.1900,545.8900,545.8900,9276819,0.0000
2014-11-14,552.4000,562.5000,551.6200,555.1900,555.1900,6434823,0.0000
2014-11-07,563.5300,567.1500,549.3500,551.8200,551.8200,7815963,0.0000
2014-10-31,547.7600,568.7300,547.2000,567.8700,567.8700,9345438,0.0000
2014-10-24,520.4500,557.4000,519.1400,548.9000,548.9000,12513965,0.0000
2014-10-17,555.1300,560.8750,518.4100,522.9700,522.9700,19006549,0.0000
2014-10-10,589.9500,592.4000,555.0100,555.1900,555.1900,10435844,0.0000
2014-10-03,581.8300,591.0000,574.0500,586.2500,586.2500,6917884,0.0000
2014-09-26,602.5000,603.8000,584.7400,587.9000,587.9000,7891133,0.0000
2014-09-19,582.2400,605.4000,577.0100,605.4000,605.4000,10530600,0.0000
2014-09-12,599.1400,603.5200,583.2800,584.9000,584.9000,7683400,0.0000
2014-09-05,582.9500,598.5000,582.4000,597.7800,597.7800,6591900,0.0000
2014-08-29,594.7700,595.5800,577.8800,582.3600,582.3600,6743800,0.0000
2014-08-22,587.1000,597.8100,586.5500,592.5400,592.5400,5485700,0.0000
2014-08-15,579.0000,589.4700,569.9100,583.7100,583.7100,7461500,0.0000
2014-08-08,576.5100,583.8200,567.4500,577.9400,577.9400,7142300,0.0000
2014-08-01,597.7500,601.0980,570.3000,573.6000,573.6000,8462600,0.0000
2014-07-25,601.3500,608.9100,594.4500,598.0800,598.0800,7940500,0.0000
2014-07-18,590.6000,606.7000,576.8500,605.1100,605.1100,12873100,0.0000
2014-07-11,593.5100,595.6450,572.1001,586.6500,586.6500,7782500,0.0000
2014-07-03,586.7600,594.2500,583.2900,593.0800,593.0800,5216800,0.0000
2014-06-27,564.3500,589.6000,563.5000,585.6900,585.6900,10705400,0.0000
2014-06-20,557.2500,566.7700,547.4700,566.5200,566.5200,11264700,0.0000
2014-06-13,566.7500,572.0000,553.7200,560.3500,560.3500,7042300,0.0000
2014-06-06,569.7500,570.4100,548.5600,566.0300,566.0300,8954500,0.0000
2014-05-30,567.7800,577.6600,564.1500,571.6500,571.6500,7050200,0.0000
2014-05-23,528.8800,565.0000,525.6600,563.8000,563.8000,10788700,0.0000
2014-05-16,531.8400,543.9900,523.5700,528.3000,528.3000,8981900,0.0000
2014-05-09,530.2400,535.7200,511.0900,526.6200,526.6200,10850900,0.0000
2014-05-02,525.8000,542.4000,511.0000,533.8700,533.8700,12111600,0.0000
2014-04-25,544.0000,547.9950,522.5000,523.1000,523.1000,11149300,0.0000
2014-04-17,543.6600,564.0000,530.6400,543.3400,543.3400,16735900,0.0000
2014-04-11,544.7900,568.2100,530.5300,537.7600,537.7600,16944900,0.0000
2014-04-04,1130.4000,1144.8000,544.4940,545.2500,545.2500,19611700,567.9717
2014-03-28,1184.1900,1184.9000,1102.1000,1120.1500,561.8093,28188300,0.0000
2014-03-21,1179.2500,1211.9900,1178.1100,1183.0400,593.3516,20945100,0.0000
2014-03-14,1215.6900,1217.6400,1172.5300,1172.8000,588.2158,19043500,0.0000
2014-03-07,1206.7500,1226.9900,1192.1400,1214.7900,609.2758,15166500,0.0000
2014-02-28,1205.3600,1228.8800,1205.1000,1215.6500,609.7071,17320000,0.0000
2014-02-21,1201.4100,1212.8700,1197.5000,1203.7900,603.7587,15535300,0.0000
2014-02-14,1171.8000,1204.3900,1169.0200,1202.8000,603.2622,19467500,0.0000
2014-02-07,1179.2000,1181.7200,1128.0200,1177.4400,590.5429,28687700,0.0000
2014-01-31,1126.1000,1186.5400,1082.2700,1180.9700,592.3134,39163300,0.0000
2014-01-24,1160.9300,1167.8900,1123.0000,1123.8300,563.6549,18766900,0.0000
2014-01-17,1126.4700,1160.6300,1117.1700,1150.5300,577.0463,22451000,0.0000
2014-01-10,1113.0100,1147.3200,1106.4400,1130.1800,566.8398,21563000,0.0000
2014-01-03,1120.3400,1121.0000,1104.9300,1105.0000,554.2108,12151800,0.0000
2013-12-27,1107.8400,1120.2800,1105.1200,1118.4000,560.9315,10715700,0.0000
2013-12-20,1064.0000,1101.1700,1059.0400,1100.6200,552.0140,20529700,0.0000
2013-12-13,1070.9900,1092.3100,1057.8800,1060.7900,532.0373,17596500,0.0000
2013-12-06,1063.5100,1070.0000,1049.0200,1069.8700,536.5914,13593000,0.0000
2013-11-29,1037.1600,1068.0000,1035.0200,1059.5900,531.4355,12418800,0.0000
2013-11-22,1035.7500,1048.7400,1020.3600,1031.8900,517.5426,12389300,0.0000
2013-11-15,1009.5100,1039.7500,1005.0000,1033.5600,518.3802,12693200,0.0000
2013-11-08,1031.5000,1032.3700,1007.6400,1016.0300,509.5880,12394400,0.0000
2013-11-01,1015.2000,1041.5200,1012.9800,1027.0400,515.1101,14007900,0.0000
2013-10-25,1011.4600,1040.5700,995.7910,1015.2000,509.1718,25219900,0.0000
2013-10-18,866.6600,1015.4600,865.3900,1011.4100,507.2709,41290600,0.0000
2013-10-11,867.4500,873.9900,842.9800,871.9900,437.3450,19086200,0.0000
2013-10-04,869.0800,894.1000,868.3100,872.3500,437.5256,16738000,0.0000
2013-09-27,896.1500,901.5900,871.3100,876.3900,439.5519,14848700,0.0000
2013-09-20,896.2000,905.9900,881.0000,903.1100,452.9532,20926500,0.0000
2013-09-13,883.7300,897.9000,882.4200,889.0680,445.9105,13094100,0.0000
2013-09-06,854.3600,883.7800,853.9500,879.5800,441.1518,13869400,0.0000
2013-08-30,870.0000,874.9000,845.5600,846.9000,424.7612,14898000,0.0000
2013-08-23,857.7100,878.0000,857.4500,870.2100,436.4523,13482600,0.0000
2013-08-16,886.9000,888.5000,856.5400,856.9080,429.7807,16829500,0.0000
2013-08-09,905.3900,909.7090,885.2950,890.4100,446.5836,13999100,0.0000
2013-08-02,884.9000,907.0000,880.8700,906.5700,454.6886,19327000,0.0000
2013-07-26,902.0000,913.0000,882.0000,885.3500,444.0457,23588500,0.0000
2013-07-19,924.3000,928.0000,875.6100,896.5980,449.6871,32853600,0.0000
2013-07-12,899.2100,923.0000,897.0840,923.0000,462.9290,21597500,0.0000
2013-07-05,886.4500,895.4100,877.2700,893.4900,448.1283,12717500,0.0000
2013-06-28,871.8800,884.6900,863.2500,880.3700,441.5480,23331000,0.0000
2013-06-21,879.2300,910.8400,873.0700,880.9300,441.8289,29137400,0.0000
2013-06-14,882.1000,891.0000,865.5000,875.0400,438.8748,21208700,0.0000
2013-06-07,873.0000,880.0000,847.2200,879.7300,441.2270,23385900,0.0000
2013-05-31,883.5000,892.1400,864.2900,871.2180,436.9578,16705000,0.0000
2013-05-24,905.0000,920.6000,871.0100,873.3200,438.0121,22753400,0.0000
2013-05-17,878.8900,919.9799,873.3810,909.1800,455.9976,26004400,0.0000
2013-05-10,848.2600,880.5400,848.2600,880.2300,441.4778,21312200,0.0000
2013-05-03,803.2500,846.8000,803.0000,845.7200,424.1694,21165200,0.0000
2013-04-26,800.6000,818.0000,775.0000,801.4200,401.9508,22946300,0.0000
2013-04-19,785.9500,803.4400,761.2601,799.8700,401.1734,30684600,0.0000
2013-04-12,778.7500,793.1000,768.4000,790.0500,396.2482,21245300,0.0000
2013-04-05,795.0100,814.8300,776.4000,783.0500,392.7373,22914500,0.0000
2013-03-28,812.4100,819.2300,793.3000,794.1880,398.3236,14694900,0.0000
2013-03-22,805.0000,819.2500,801.4700,810.3100,406.4095,16715300,0.0000
2013-03-15,831.6900,839.7000,813.3400,814.3020,408.4117,19970200,0.0000
2013-03-08,805.3000,844.0000,805.0000,831.5200,417.0474,29285000,0.0000
2013-03-01,802.3000,808.4100,784.4000,806.1900,404.3432,21925100,0.0000
2013-02-22,795.9900,808.9700,791.2200,799.7100,401.0931,22489800,0.0000
2013-02-15,778.4000,793.2600,773.7500,792.8900,397.6726,19360600,0.0000
2013-02-08,767.6900,786.6700,758.2700,785.3700,393.9009,25673300,0.0000
2013-02-01,751.7600,776.6000,746.5400,775.6000,389.0008,20953900,0.0000
2013-01-25,704.6600,758.4800,695.5200,753.6700,378.0019,30589400,0.0000
2013-01-18,737.0000,742.2000,701.3300,704.5100,353.3457,28477800,0.0000
2013-01-11,735.4500,745.0000,724.4300,739.9900,371.1407,16937600,0.0000
2013-01-04,700.0000,741.4700,696.0000,737.9700,370.1275,19221400,0.0000
2012-12-28,714.5100,715.1800,698.6100,700.0100,351.0888,10135100,0.0000
2012-12-21,705.5000,738.2800,704.0200,715.6300,358.9230,26257200,0.0000
2012-12-14,685.3900,716.4750,683.7900,701.9632,352.0684,24086300,0.0000
2012-12-07,702.2400,705.8900,682.3301,684.2100,343.1643,18837300,0.0000
2012-11-30,666.4400,699.2200,658.0000,698.3700,350.2662,27363100,0.0000
2012-11-23,655.7000,678.0000,655.5300,667.9700,335.0192,14968000,0.0000
2012-11-16,663.7500,669.8000,636.0000,647.1800,324.5920,19891100,0.0000
2012-11-09,684.5000,686.8600,650.3000,663.0300,332.5415,22301700,0.0000
2012-11-02,679.8600,695.5500,675.0000,687.9180,345.0241,11811000,0.0000
2012-10-26,681.4500,687.3300,669.7000,675.1500,338.6203,27613200,0.0000
2012-10-19,741.9400,759.4250,672.0000,681.7900,341.9506,62526800,0.0000
2012-10-12,761.0000,763.5800,738.2900,744.7500,373.5280,23555700,0.0000
2012-10-05,759.0500,774.3800,750.2700,767.6500,385.0135,26686200,0.0000
2012-09-28,731.0000,764.8900,730.2500,754.5000,378.4181,43975300,0.0000
2012-09-21,708.1100,734.9200,705.0000,733.9900,368.1314,31847600,0.0000
2012-09-14,709.7600,713.0000,680.8800,709.6800,355.9387,24682200,0.0000
2012-09-07,684.5500,712.2500,673.5000,706.1500,354.1683,19728700,0.0000
2012-08-31,662.9900,688.9900,659.2400,685.0900,343.6057,22810100,0.0000
2012-08-24,675.5000,680.6000,662.1680,678.6300,340.3657,18182100,0.0000
2012-08-17,647.4200,677.2500,646.6800,677.1400,339.6184,26444600,0.0000
2012-08-10,639.6100,649.3800,636.1300,642.0000,321.9940,15167200,0.0000
2012-08-03,636.0500,643.7200,623.4100,641.3300,321.6579,19523700,0.0000
2012-07-27,600.4800,635.0000,598.2500,634.9600,318.4631,25232500,0.0000
2012-07-20,576.3700,612.9400,568.4000,610.8200,306.3557,31626700,0.0000
2012-07-13,584.9500,592.4300,562.0900,576.5200,289.1526,22823500,0.0000
2012-07-06,581.8200,600.0600,576.5000,585.9800,293.8972,14690500,0.0000
2012-06-29,567.3300,580.1300,557.2100,580.0700,290.9331,18110600,0.0000
2012-06-22,562.6200,584.2800,559.2500,571.4800,286.6248,22295500,0.0000
2012-06-15,584.2100,585.3175,556.5201,564.5100,283.1290,26344500,0.0000
2012-06-08,570.2200,587.8900,566.4700,580.4500,291.1237,20054300,0.0000
2012-06-01,595.8100,599.1300,568.3500,570.9800,286.3740,21055800,0.0000
2012-05-25,600.5100,615.6940,588.2800,591.5300,296.6808,29527400,0.0000
2012-05-18,600.7800,637.8500,596.7000,600.4000,301.1296,36141300,0.0000
2012-05-11,595.0000,616.9000,595.0000,605.2300,303.5520,21250400,0.0000
2012-05-04,612.9900,616.0820,596.8100,596.9700,299.4092,20172400,0.0000
2012-04-27,592.9000,618.0000,590.2000,614.9800,308.4421,19334300,0.0000
2012-04-20,623.0000,623.8100,595.8300,596.0600,298.9528,35441300,0.0000
2012-04-13,628.4800,653.1400,623.5400,624.6000,313.2670,41517400,0.0000
2012-04-05,640.7700,647.9500,628.5700,632.3200,317.1390,16534100,0.0000
2012-03-30,645.0000,658.5890,639.5400,641.2400,321.6128,21179100,0.0000
2012-03-23,623.1200,648.8000,621.2410,642.5900,322.2899,21045300,0.0000
2012-03-16,600.0000,625.9080,599.2600,625.0400,313.4877,24649700,0.0000
2012-03-09,620.4300,622.4900,593.8400,600.2500,301.0543,20076300,0.0000
2012-03-02,606.5900,625.7000,605.0600,621.2500,311.5868,23195400,0.0000
2012-02-24,603.8700,617.8800,600.3500,609.9000,305.8943,16859700,0.0000
2012-02-17,610.5000,613.8385,597.7300,604.6400,303.2561,22029500,0.0000
2012-02-10,595.0100,614.5000,594.0100,605.9100,303.8931,24371400,0.0000
2012-02-03,578.0500,597.0700,573.4000,596.3300,299.0883,24728600,0.0000
2012-01-27,586.0000,588.6600,564.5500,579.9800,290.8879,36563300,0.0000
2012-01-20,631.9800,640.9900,581.7000,585.9900,293.9022,43061800,0.0000
2012-01-13,646.5000,647.0000,616.9100,624.9900,313.4626,33567600,0.0000
2012-01-06,652.9400,670.2500,649.7900,650.0200,326.0164,25007400,0.0000
2011-12-30,632.0500,646.7600,632.0000,645.9000,323.9500,14168200,0.0000
2011-12-23,628.0100,634.6800,618.9600,633.1400,317.5502,20590400,0.0000
2011-12-16,621.8800,636.5599,612.4900,625.9600,313.9491,33933100,0.0000
2011-12-09,627.6400,631.9000,615.3000,627.4200,314.6814,25895000,0.0000
2011-12-02,579.3700,624.0000,576.5000,620.3600,311.1405,31496300,0.0000
2011-11-25,587.7600,588.5000,561.3300,563.0000,282.3717,18570700,0.0000
2011-11-18,608.0000,618.3000,593.7500,594.8800,298.3610,30477700,0.0000
2011-11-11,593.3200,614.3700,591.5600,608.3500,305.1169,33852200,0.0000
2011-11-04,595.0900,599.7400,576.7500,596.1400,298.9930,26589900,0.0000
2011-10-28,586.7200,602.7000,572.8600,600.1400,300.9992,30227100,0.0000
2011-10-21,583.7200,592.7500,577.4000,590.4900,296.1592,34985700,0.0000
2011-10-14,525.1800,599.6000,523.2000,591.6800,296.7561,45096400,0.0000
2011-10-07,509.8500,520.5000,480.5960,515.1200,258.3575,38855800,0.0000
2011-09-30,527.2500,547.0500,513.2500,515.0400,258.3174,27049800,0.0000
2011-09-23,540.3500,558.5200,514.0000,525.5100,263.5686,29848600,0.0000
2011-09-16,520.6700,546.8400,517.5000,546.6800,274.1864,28399500,0.0000
2011-09-09,510.8000,539.1000,510.5000,524.8500,263.2376,22219300,0.0000
2011-09-02,534.5600,546.3000,520.7300,524.8400,263.2326,25643700,0.0000
2011-08-26,504.0000,537.2700,494.5300,526.8600,264.2457,39433400,0.0000
2011-08-19,553.4300,564.9900,490.8600,490.9200,246.2201,59668300,0.0000
2011-08-12,562.9800,574.6100,541.0100,563.7700,282.7578,54586700,0.0000
2011-08-05,611.2200,615.5000,562.0000,579.0400,290.4165,43628200,0.0000
2011-07-29,613.3600,627.4992,603.0000,603.6900,302.7797,33275900,0.0000
2011-07-22,592.4900,619.5000,592.0000,618.2300,310.0722,33289000,0.0000
2011-07-15,528.1800,600.2500,525.5000,597.6200,299.7353,57646800,0.0000
2011-07-08,525.3000,550.6800,525.3000,531.9900,266.8186,30470400,0.0000
2011-07-01,474.0000,521.1800,473.6000,521.0280,261.3207,29106500,0.0000
2011-06-24,485.0000,493.9400,473.0200,474.8800,238.1752,33582800,0.0000
2011-06-17,510.0000,514.0800,484.8000,485.0200,243.2609,29659100,0.0000
2011-06-10,525.1800,526.8182,509.2900,509.5050,255.5413,19244700,0.0000
2011-06-03,525.0000,533.1999,521.5000,523.0800,262.3498,19173000,0.0000
2011-05-27,516.6000,523.9620,513.4000,520.9000,261.2565,18712900,0.0000
2011-05-20,526.3100,536.5400,515.0300,524.0300,262.8263,25976000,0.0000
2011-05-13,535.0000,544.4300,529.0500,529.5500,265.5949,19754900,0.0000
2011-05-06,545.7000,545.7300,529.6300,535.3000,268.4788,20751200,0.0000
2011-04-29,525.2500,544.1000,522.0100,544.1000,272.8924,27288000,0.0000
2011-04-21,526.4200,530.8800,519.0000,525.1000,263.3630,26481300,0.0000
2011-04-15,576.2000,579.4500,530.0600,530.7000,266.1716,50975100,0.0000
2011-04-08,593.0000,594.7400,565.6800,578.1600,289.9751,30376500,0.0000
2011-04-01,582.0700,595.1900,573.0100,591.8000,296.8162,19756100,0.0000
2011-03-25,570.2200,588.3900,569.0200,579.7400,290.7676,23338600,0.0000
2011-03-18,572.8000,578.2900,551.2801,561.0600,281.3987,33602400,0.0000
2011-03-11,600.5500,603.6900,573.3300,576.7100,289.2479,28089000,0.0000
2011-03-04,610.0000,619.2200,595.1900,600.6200,301.2399,25150000,0.0000
2011-02-25,620.0300,624.9300,601.3500,610.0400,305.9645,22324700,0.0000
2011-02-18,623.3400,631.1800,620.0400,630.0800,316.0155,21180000,0.0000
2011-02-11,610.1600,625.0000,609.2100,624.5000,313.2169,20502000,0.0000
2011-02-04,603.6000,614.3400,595.5500,610.9800,306.4359,20692600,0.0000
2011-01-28,607.5700,622.4900,599.7600,600.9900,301.4255,33035600,0.0000
2011-01-21,626.0600,642.9600,611.3600,611.8300,306.8623,42783500,0.0000
2011-01-14,614.8000,624.2700,608.5600,624.1800,313.0564,16684700,0.0000
2011-01-07,596.4800,618.4300,596.4800,616.4400,309.1744,21739900,0.0000
2010-12-31,602.7400,603.8700,592.0300,593.9700,297.9046,11629900,0.0000
2010-12-23,594.6500,607.0000,588.6565,604.2300,303.0505,12329600,0.0000
2010-12-17,597.1200,603.0000,587.6700,590.8000,296.3147,21765100,0.0000
2010-12-10,580.5700,595.5800,576.6100,592.2100,297.0219,20911800,0.0000
2010-12-03,589.1700,589.8000,553.3100,573.0000,287.3871,37782500,0.0000
2010-11-26,587.4700,596.6000,578.2000,590.0000,295.9135,16097100,0.0000
2010-11-19,603.0800,604.0000,581.3690,590.8300,296.3297,28204200,0.0000
2010-11-12,624.0200,630.8500,601.2093,603.2900,302.5790,24955000,0.0000
2010-11-05,615.7300,629.9200,611.2100,625.0800,313.5078,27575600,0.0000
2010-10-29,615.5878,624.7400,611.0300,613.7000,307.8001,24726600,0.0000
2010-10-22,600.5500,619.6900,600.5500,612.5300,307.2133,40734600,0.0000
2010-10-15,538.4800,601.6400,537.1100,601.4500,301.6562,61726700,0.0000
2010-10-08,524.9500,540.0000,518.8501,536.3500,269.0054,26902600,0.0000
2010-10-01,528.8481,536.8490,518.4500,525.6200,263.6238,28777700,0.0000
2010-09-24,492.5000,527.8290,492.0600,527.2900,264.4614,34127900,0.0000
2010-09-17,480.9000,491.2000,478.5000,490.1500,245.8339,28914600,0.0000
2010-09-10,464.5000,480.4000,463.0200,476.1400,238.8072,17015900,0.0000
2010-09-03,459.1500,471.8800,448.0000,470.3000,235.8781,21240800,0.0000
2010-08-27,461.5000,468.2500,447.6500,458.8300,230.1254,24835700,0.0000
2010-08-20,483.6800,494.7000,461.0201,462.0200,231.7253,27421700,0.0000
2010-08-13,502.2500,506.0000,482.5100,486.3500,243.9280,20596100,0.0000
2010-08-06,488.9900,508.6000,486.7600,500.2200,250.8845,26400000,0.0000
2010-07-30,489.0900,497.5000,479.1400,484.8500,243.1757,23500300,0.0000
2010-07-23,461.0100,490.5900,457.5200,490.0600,245.7887,32560100,0.0000
2010-07-16,472.3700,494.7000,459.5200,459.6050,230.5141,46176900,0.0000
2010-07-09,444.0000,473.2600,433.6300,467.4900,234.4688,25354800,0.0000
2010-07-02,472.5900,477.5500,433.6300,436.5500,218.9509,28605400,0.0000
2010-06-25,499.9000,500.9670,470.5600,472.6800,237.0718,22719300,0.0000
2010-06-18,494.4800,505.8700,482.1800,500.0300,250.7892,26851900,0.0000
2010-06-11,499.0600,500.9099,472.0000,488.5000,245.0063,26785800,0.0000
2010-06-04,480.4300,509.2500,480.1200,498.7200,250.1321,25531400,0.0000
2010-05-28,480.7300,493.4500,464.0100,485.6300,243.5669,33051700,0.0000
2010-05-21,506.7800,510.9700,464.4000,472.0500,236.7558,47290700,0.0000
2010-05-14,513.9700,522.8200,496.2500,507.5300,254.5508,37450600,0.0000
2010-05-07,526.5000,532.9200,460.0000,493.1400,247.3335,45165300,0.0000
2010-04-30,544.9700,544.9900,521.0300,525.6950,263.6614,34193300,0.0000
2010-04-23,548.7500,560.2500,542.2700,544.9900,273.3388,29236600,0.0000
2010-04-16,567.3500,597.8400,549.6300,550.1450,275.9243,57271700,0.0000
2010-04-09,570.9000,574.8800,560.0500,566.2200,283.9866,21072000,0.0000
2010-04-01,563.0000,573.4500,560.2800,568.8000,285.2806,20411100,0.0000
2010-03-26,556.1100,572.0000,539.7000,562.6900,282.2162,45351100,0.0000
2010-03-19,566.6800,571.4499,556.0000,560.0000,280.8670,35920600,0.0000
2010-03-12,564.7800,588.2750,556.5000,579.5400,290.6673,36372500,0.0000
2010-03-05,529.2000,567.6700,527.7400,564.2100,282.9785,33526400,0.0000
2010-02-26,547.3500,547.5000,520.0000,526.8000,264.2156,25379000,0.0000
2010-02-19,537.1400,545.0100,534.3000,540.7630,271.2187,21126800,0.0000
2010-02-12,532.5000,542.0000,527.6900,533.1200,267.3854,25730200,0.0000
2010-02-05,534.6020,542.1000,522.4600,531.2900,266.4676,31727600,0.0000
2010-01-29,546.5900,549.8775,525.6100,529.9440,265.7925,40178300,0.0000
2010-01-22,581.4900,590.4200,534.8600,550.0100,275.8565,41309300,0.0000
2010-01-15,604.4600,604.4600,573.9000,580.0000,290.8980,56418100,0.0000
2010-01-08,626.9500,629.5100,589.1100,602.0200,301.9421,40115900,0.0000
2009-12-31,621.6600,625.9900,618.0100,619.9800,310.9499,11604400,0.0000
2009-12-24,597.9500,619.5200,595.6700,618.4800,310.1976,14751800,0.0000
2009-12-18,595.2400,600.3700,590.9900,596.4200,299.1334,26320400,0.0000
2009-12-11,584.2300,594.7500,581.0000,590.5100,296.1692,16642100,0.0000
2009-12-04,580.6300,594.8320,577.1100,585.0100,293.4107,19282200,0.0000
2009-11-27,576.4900,587.0599,570.9700,579.7600,290.7776,13982800,0.0000
2009-11-20,575.0000,578.7800,569.4000,569.9640,285.8644,19659500,0.0000
2009-11-13,555.4500,573.5000,554.2300,572.0500,286.9107,21485300,0.0000
2009-11-06,537.0800,551.7800,528.2410,551.1000,276.4032,23155400,0.0000
2009-10-30,555.7500,561.6400,534.2400,536.1200,268.8900,29461800,0.0000
2009-10-23,552.6900,559.3500,540.7000,553.6900,277.7022,31291300,0.0000
2009-10-16,523.4200,554.7500,519.3201,549.8500,275.7763,49071200,0.0000
2009-10-09,487.6500,523.2500,483.3400,516.2500,258.9243,33552200,0.0000
2009-10-02,494.8400,501.5000,482.6000,484.5800,243.0402,24963200,0.0000
2009-09-25,487.7400,507.0000,486.2200,492.4800,247.0025,24852900,0.0000
2009-09-18,470.5100,497.3700,470.0500,491.4600,246.4909,29421800,0.0000
2009-09-11,464.2900,473.3000,455.8400,472.1400,236.8010,18560400,0.0000
2009-09-04,459.7900,466.8200,452.5900,461.3000,231.3642,18986800,0.0000
2009-08-28,467.3500,474.3500,460.7300,464.7500,233.0945,21084100,0.0000
2009-08-21,451.5000,466.0900,438.5605,465.2400,233.3403,29541500,0.0000
2009-08-14,455.1400,464.7200,452.3780,460.0000,230.7122,18913300,0.0000
2009-08-07,448.7400,459.4200,447.6400,457.1000,229.2577,23928100,0.0000
2009-07-31,446.0400,452.7000,431.8850,443.0500,222.2109,26139400,0.0000
2009-07-24,429.8800,450.4900,423.5000,446.7200,224.0516,31595100,0.0000
2009-07-17,416.1740,445.7500,415.1800,430.2500,215.7911,48205700,0.0000
2009-07-10,406.5000,417.3700,395.9801,414.4000,207.8416,30300000,0.0000
2009-07-02,426.0000,427.8000,406.8100,408.4900,204.8774,19163800,0.0000
2009-06-26,416.9500,428.2300,401.8901,425.3200,213.3185,31534200,0.0000
2009-06-19,421.5000,421.5000,411.5600,420.0900,210.6954,35206600,0.0000
2009-06-12,439.5000,440.9200,421.2100,424.8400,213.0778,30960900,0.0000
2009-06-05,418.7300,447.3400,418.5300,444.3200,222.8479,33561600,0.0000
2009-05-29,391.9495,417.2329,390.0000,417.2300,209.2610,22888500,0.0000
2009-05-22,394.7300,405.6700,385.4000,393.5000,197.3592,25797100,0.0000
2009-05-15,402.8000,412.0000,384.6900,390.0000,195.6038,30246700,0.0000
2009-05-08,398.1700,410.1284,392.5000,407.3300,204.2956,30172700,0.0000
2009-05-01,384.3400,403.7500,381.5400,393.6900,197.4545,31223700,0.0000
2009-04-24,386.1500,393.1800,375.8900,389.4900,195.3480,35205500,0.0000
2009-04-17,371.3300,399.8200,364.1600,392.2400,196.7273,64585700,0.0000
2009-04-09,367.0000,374.3500,355.3100,372.5000,186.8267,26190000,0.0000
2009-04-03,342.5480,371.7200,336.0550,369.7800,185.4625,36619900,0.0000
2009-03-27,333.5600,359.1600,333.0300,347.7000,174.3883,43464000,0.0000
2009-03-20,325.9900,340.0000,318.5900,330.1600,165.5912,46993900,0.0000
2009-03-13,299.6460,327.4600,289.4500,324.4200,162.7123,56054800,0.0000
2009-03-06,333.3300,340.6999,294.2490,308.5700,154.7627,67723600,0.0000
2009-02-27,347.0000,352.4900,329.5500,337.9900,169.5183,57505600,0.0000
2009-02-20,345.5900,359.8000,335.0000,346.4500,173.7614,45775400,0.0000
2009-02-13,370.8200,381.0000,351.4800,357.6800,179.3938,53964900,0.0000
2009-02-06,334.2700,373.8100,332.0000,371.2800,186.2148,65700500,0.0000
2009-01-30,324.8500,352.3300,320.5600,338.5300,169.7891,58311800,0.0000
2009-01-23,299.1400,331.9600,282.7500,324.7000,162.8527,57886900,0.0000
2009-01-16,316.3100,320.6000,286.7900,299.6700,150.2990,48678200,0.0000
2009-01-09,321.0000,340.7990,313.4000,315.0700,158.0228,47452100,0.0000
2009-01-02,300.2200,321.8199,291.5800,321.3200,161.1575,28057100,0.0000
2008-12-26,308.5600,309.5000,290.6300,300.3600,150.6450,23128400,0.0000
2008-12-19,314.0100,329.5000,305.1100,310.1700,155.5652,59866400,0.0000
2008-12-12,289.9900,318.0000,282.0000,315.7600,158.3689,64280500,0.0000
2008-12-05,286.6800,287.3799,262.5801,283.9900,142.4347,57669000,0.0000
2008-11-28,269.2600,296.4500,249.0100,292.9600,146.9336,59436200,0.0000
2008-11-21,303.0000,310.1600,247.3000,262.4300,131.6213,87409200,0.0000
2008-11-14,328.0000,329.4440,280.0000,310.0200,155.4900,101956900,0.0000
2008-11-07,357.5800,372.3600,325.3310,331.1400,166.0827,66946800,0.0000
2008-10-31,334.8100,372.0000,325.6000,359.3600,180.2364,78870500,0.0000
2008-10-24,379.7500,383.7800,324.7400,339.2900,170.1703,65800400,0.0000
2008-10-17,355.7900,394.5000,309.4400,372.5400,186.8468,107693200,0.0000
2008-10-10,373.9800,375.9900,310.3000,332.0000,166.5140,105442600,0.0000
2008-10-03,419.5100,425.0800,380.7100,386.9100,194.0540,68055300,0.0000
2008-09-26,454.1300,454.1300,421.0301,431.0400,216.1873,48284000,0.0000
2008-09-19,424.0000,462.0700,410.5000,449.1500,225.2704,82478000,0.0000
2008-09-12,452.0200,452.9400,406.3800,437.6600,219.5076,69877200,0.0000
2008-09-05,476.7700,482.1800,440.0800,444.2500,222.8128,39578000,0.0000
2008-08-29,486.1100,497.0000,462.3300,463.2900,232.3623,33141600,0.0000
2008-08-22,509.8400,510.0000,479.2700,490.5900,246.0545,32315100,0.0000
2008-08-15,492.4700,510.6600,491.7800,510.1500,255.8648,34135200,0.0000
2008-08-08,468.8000,495.7500,461.9000,495.0100,248.2714,31888700,0.0000
2008-08-01,492.0900,492.0900,462.5000,467.8600,234.6544,30622000,0.0000
2008-07-25,480.4400,497.2300,465.6005,491.9800,246.7517,44378400,0.0000
2008-07-18,536.5000,540.0641,478.1900,481.3200,241.4052,70564800,0.0000
2008-07-11,542.3300,555.6800,519.4300,533.8000,267.7264,45263800,0.0000
2008-07-03,532.2500,540.3800,517.0000,537.0000,269.3314,30666400,0.0000
2008-06-27,545.3600,557.7999,515.0900,528.0700,264.8526,47028100,0.0000
2008-06-20,566.5000,579.1000,544.5100,546.4300,274.0610,44061900,0.0000
2008-06-13,568.0600,575.7000,544.4600,571.5100,286.6398,48820100,0.0000
2008-06-06,582.5000,588.0400,560.6100,567.0000,284.3778,39947500,0.0000
2008-05-30,544.2600,589.9200,543.8500,585.8000,293.8070,31940000,0.0000
2008-05-23,578.5500,588.8800,537.8100,544.6200,273.1532,49737900,0.0000
2008-05-16,574.7500,591.1900,568.9100,580.0701,290.9331,45993700,0.0000
2008-05-09,599.0000,599.4900,571.3000,573.2000,287.4874,54207700,0.0000
2008-05-02,544.0000,602.4500,539.0000,581.2900,291.5450,59658400,0.0000
2008-04-25,539.0000,560.8299,530.2900,544.0600,272.8723,57141000,0.0000
2008-04-18,457.1600,547.7000,441.0000,539.4100,270.5401,95183500,0.0000
2008-04-11,477.0300,485.4400,455.0100,457.4500,229.4332,51509700,0.0000
2008-04-04,435.6400,477.8300,432.0100,471.0900,236.2744,58369700,0.0000
2008-03-28,438.4300,465.7800,434.3100,438.0800,219.7182,56002100,0.0000
2008-03-20,427.9900,447.5000,412.1100,433.5500,217.4462,62373000,0.0000
2008-03-14,428.8300,449.3400,413.0400,437.9200,219.6380,75459000,0.0000
2008-03-07,471.5100,472.7200,426.2400,433.3500,217.3459,88220800,0.0000
2008-02-29,505.9500,506.5000,446.8500,471.1800,236.3195,115472800,0.0000
2008-02-22,534.9400,535.0600,497.5501,507.8000,254.6862,48363900,0.0000
2008-02-15,520.5200,541.0400,513.0300,529.6400,265.6400,61597700,0.0000
2008-02-08,509.0700,517.7300,488.5200,516.6900,259.1450,93415400,0.0000
2008-02-01,570.9700,573.0000,510.0000,515.9000,258.7487,104916900,0.0000
2008-01-25,562.0300,597.5000,519.0000,566.4000,284.0769,85582200,0.0000
2008-01-18,651.1400,657.4000,598.0100,600.2500,301.0543,74589300,0.0000
2008-01-11,653.9400,662.2800,622.5100,638.2500,320.1132,59527000,0.0000
2008-01-04,698.5700,702.4900,655.0000,657.0000,329.5172,30559900,0.0000
2007-12-28,694.9900,716.0000,693.0600,702.5300,352.3527,19307700,0.0000
2007-12-21,688.0000,699.2600,652.5000,696.6900,349.4236,53702000,0.0000
2007-12-14,715.9900,724.8000,681.2100,689.9600,346.0482,49687400,0.0000
2007-12-07,691.0100,718.0000,677.1201,714.8700,358.5418,43011800,0.0000
2007-11-30,680.2000,711.0600,650.2600,693.0000,347.5729,75353500,0.0000
2007-11-23,629.5900,678.2800,618.5000,676.7000,339.3977,50190000,0.0000
2007-11-16,657.7400,675.4900,616.0200,633.6300,317.7960,85470100,0.0000
2007-11-09,706.9900,747.2400,661.2100,663.9700,333.0130,106880400,0.0000
2007-11-02,677.7700,713.7200,672.0900,711.2500,356.7262,58366100,0.0000
2007-10-26,638.6700,678.9700,636.2800,674.6000,338.3444,59963100,0.0000
2007-10-19,638.4700,658.4900,611.9900,644.7100,323.3532,94061300,0.0000
2007-10-12,595.0000,641.4100,593.9500,637.3900,319.6818,75532400,0.0000
2007-10-05,569.9700,596.8100,569.6100,594.0500,297.9447,47379700,0.0000
2007-09-28,561.0000,571.7899,560.0000,567.2700,284.5133,32106700,0.0000
2007-09-21,526.5300,560.7900,524.0700,560.1000,280.9172,50902400,0.0000
2007-09-14,521.2800,530.2700,510.8800,528.7500,265.1936,27115400,0.0000
2007-09-07,515.0200,529.8300,514.6200,519.3500,260.4791,28563400,0.0000
2007-08-31,514.4300,517.4500,505.7900,515.2500,258.4227,27527400,0.0000
2007-08-24,502.4600,516.2500,496.0000,515.0000,258.2973,30189500,0.0000
2007-08-17,519.5400,519.7500,480.4600,500.0400,250.7942,52642100,0.0000
2007-08-10,503.0000,526.8200,502.5000,515.7500,258.6735,45366900,0.0000
2007-08-03,512.9200,520.4400,503.0000,503.0000,252.2788,37947900,0.0000
2007-07-27,519.0100,520.0000,498.8800,511.8900,256.7375,59672600,0.0000
2007-07-20,550.3000,558.5800,509.5000,520.1200,260.8653,91723200,0.0000
2007-07-13,543.0000,552.6700,540.0100,552.1600,276.9349,39108200,0.0000
2007-07-06,525.4900,544.4000,524.2000,539.4000,270.5351,26072400,0.0000
2007-06-29,528.9800,534.9900,519.4600,522.7001,262.1593,55517400,0.0000
2007-06-22,506.1800,524.9900,504.2400,524.9800,263.3028,50235000,0.0000
2007-06-15,514.0200,518.2500,498.6900,505.8900,253.7282,57735000,0.0000
2007-06-08,497.9100,526.5000,497.5900,515.4900,258.5431,84761900,0.0000
2007-06-01,485.0000,508.7800,483.0000,500.3970,250.9732,52321700,0.0000
2007-05-25,469.5300,484.9500,466.7200,483.5200,242.5086,49111800,0.0000
2007-05-18,465.4800,475.2200,457.4100,470.3200,235.8882,45758700,0.0000
2007-05-11,472.1400,472.8200,461.0000,466.7400,234.0926,32857900,0.0000
2007-05-04,479.1500,481.3500,464.1700,471.1200,236.2894,35776600,0.0000
2007-04-27,480.1000,485.0000,475.5500,479.0100,240.2466,40732400,0.0000
2007-04-20,468.4566,492.5000,468.1500,482.4800,241.9870,74184600,0.0000
2007-04-13,472.9800,473.0000,462.2400,466.2900,233.8669,30681200,0.0000
2007-04-05,457.7600,474.2500,452.1200,471.5100,236.4850,32856700,0.0000
2007-03-30,460.5500,466.0000,455.0000,458.1600,229.7893,40782600,0.0000
2007-03-23,443.2500,463.3900,440.6300,461.8300,231.6300,48370400,0.0000
2007-03-16,452.5700,455.2500,439.0000,440.8500,221.1075,54870600,0.0000
2007-03-09,437.0200,465.5000,437.0000,452.9600,227.1813,61465000,0.0000
2007-03-02,472.8300,475.2500,438.6800,438.6800,220.0192,73094200,0.0000
2007-02-23,468.4700,484.2400,464.7100,470.6200,236.0386,38630600,0.0000
2007-02-16,460.6800,470.1500,455.0200,469.9400,235.6976,51418900,0.0000
2007-02-09,477.5000,478.0000,461.5000,461.8900,231.6601,51116300,0.0000
2007-02-02,498.0000,506.0100,477.8100,481.5000,241.4955,86128500,0.0000
2007-01-26,492.5000,504.5000,477.2900,495.8400,248.6877,55931900,0.0000
2007-01-19,507.5500,513.0000,486.7400,489.7500,245.6332,50306100,0.0000
2007-01-12,487.6900,505.0000,481.2000,505.0000,253.2819,55516500,0.0000
2007-01-05,466.0000,487.5000,461.1100,487.1900,244.3493,44887300,0.0000
2006-12-29,456.5200,468.5800,454.5900,460.4800,230.9529,23938200,0.0000
2006-12-22,482.5050,482.7400,452.3405,455.5800,228.4953,59765900,0.0000
2006-12-15,484.9200,488.9000,477.0200,480.3000,240.8936,44048100,0.0000
2006-12-08,483.0000,492.4000,479.3500,484.1100,242.8045,44140300,0.0000
2006-12-01,501.3700,501.7800,477.0300,480.8000,241.1444,65227500,0.0000
2006-11-24,498.4000,513.0000,492.6500,505.0000,253.2819,39531000,0.0000
2006-11-17,474.9000,499.8500,474.1400,498.7900,250.1672,61017900,0.0000
2006-11-10,473.7700,481.7400,468.6000,473.5500,237.5082,51007800,0.0000
2006-11-03,474.8200,482.1600,465.0615,471.7980,236.6295,56781300,0.0000
2006-10-27,462.2800,491.9600,460.3700,475.2000,238.3357,93082300,0.0000
2006-10-20,427.7000,460.1000,416.7020,459.6700,230.5467,77320500,0.0000
2006-10-13,424.8000,437.8500,422.3900,427.3000,214.3116,62884500,0.0000
2006-10-06,401.9000,421.9100,398.1900,420.5000,210.9010,57751300,0.0000
2006-09-29,405.5800,411.2200,400.5400,401.9000,201.5722,50592500,0.0000
2006-09-22,410.0000,418.6900,392.7400,403.7800,202.5151,91686300,0.0000
2006-09-15,378.2600,410.0500,377.7700,409.8800,205.5746,65821700,0.0000
2006-09-08,379.8700,385.4000,376.7200,377.8500,189.5100,29418000,0.0000
2006-09-01,375.6100,384.6500,375.0000,378.6000,189.8862,36565500,0.0000
2006-08-25,378.1000,379.2600,372.2600,373.2600,187.2079,35522000,0.0000
2006-08-18,371.5000,390.0000,368.6700,383.3600,192.2735,55048800,0.0000
2006-08-11,371.5000,384.6800,368.0000,368.5000,184.8205,44014700,0.0000
2006-08-04,388.0000,389.1700,363.3600,373.8500,187.5038,57099700,0.0000
2006-07-28,392.8200,393.8900,377.9500,388.1200,194.6609,58149200,0.0000
2006-07-21,404.6250,411.0000,377.6900,390.1080,195.6580,94226400,0.0000
2006-07-14,423.4400,425.2300,398.6100,403.5000,202.3747,59522100,0.0000
2006-07-07,420.0400,427.8900,415.6400,420.4500,210.8760,33708700,0.0000
2006-06-30,406.7500,419.3300,401.0100,419.3300,210.3142,48521000,0.0000
2006-06-23,390.8500,409.7500,386.5100,404.8600,203.0568,63224700,0.0000
2006-06-16,386.8500,392.2500,378.1200,390.7000,195.9549,65015600,0.0000
2006-06-09,376.1800,395.4300,374.1500,388.2904,194.7464,82410300,0.0000
2006-06-02,378.2800,387.0800,366.7800,379.4400,190.3075,49873300,0.0000
2006-05-26,367.8500,385.8800,365.2500,381.3500,191.2654,77927300,0.0000
2006-05-19,375.9300,381.8100,360.5700,370.0200,185.5829,85830400,0.0000
2006-05-12,395.1100,411.7100,373.5500,374.1300,187.6442,78774600,0.0000
2006-05-05,417.8500,419.4400,388.4000,394.3000,197.7605,84424500,0.0000
2006-04-28,439.3400,444.7000,416.3000,417.9400,209.6171,82801700,0.0000
2006-04-21,403.7800,450.7200,400.8400,437.1000,219.2267,115886900,0.0000
2006-04-13,407.6100,419.1000,400.5000,402.1600,201.7026,65928100,0.0000
2006-04-07,389.7500,414.5700,387.9300,406.1600,203.7088,105640600,0.0000
2006-03-31,367.2500,399.0000,365.0000,390.0000,195.6038,172287500,0.0000
2006-03-24,342.0100,370.0900,337.5000,365.8000,183.4663,100798900,0.0000
2006-03-17,339.7200,352.3700,332.6200,339.7900,170.4211,126733400,0.0000
2006-03-10,380.6600,383.4000,331.5500,337.5000,169.2725,128471400,0.0000
2006-03-03,381.2000,397.5400,338.5100,378.1800,189.6755,183822300,0.0000
2006-02-24,366.3200,381.2400,363.8600,377.4000,189.2843,68327600,0.0000
2006-02-17,344.3000,372.1400,337.8300,368.7500,184.9459,165742800,0.0000
2006-02-10,385.2500,389.9000,353.1400,362.6100,181.8664,146873900,0.0000
2006-02-03,429.3900,439.6000,372.5700,381.5550,191.3682,175557800,0.0000
2006-01-27,407.3800,454.2300,405.7300,433.4900,217.4161,156491300,0.0000
2006-01-20,464.2100,469.9000,394.7400,399.4601,200.3485,168651000,0.0000
2006-01-13,466.1500,475.1100,460.9400,466.2500,233.8469,97259000,0.0000
2006-01-06,422.5200,470.5000,418.2200,465.6600,233.5509,113831400,0.0000
2005-12-30,431.8600,431.8600,413.7400,414.8600,208.0723,56650300,0.0000
2005-12-23,432.2000,446.2100,420.1100,430.9300,216.1322,110659300,0.0000
2005-12-16,414.6300,432.5000,409.9500,430.1500,215.7410,88152700,0.0000
2005-12-09,417.0000,417.5000,399.0100,409.2000,205.2335,107160500,0.0000
2005-12-02,429.8200,431.2400,395.5600,417.7000,209.4967,130647500,0.0000
2005-11-25,399.1700,428.7500,393.4900,428.6200,214.9736,69642600,0.0000
2005-11-18,392.1200,404.5000,390.9500,400.2100,200.7246,82648600,0.0000
2005-11-11,395.1000,397.4700,377.4300,390.4000,195.8044,88208500,0.0000
2005-11-04,360.2400,391.7900,359.5100,390.4300,195.8195,114960100,0.0000
2005-10-28,343.3700,358.9500,342.1900,358.1700,179.6395,72438000,0.0000
2005-10-21,297.5000,346.4300,294.5600,339.9000,170.4762,116801400,0.0000
2005-10-14,313.3100,314.8200,290.6850,296.1400,148.5285,84930300,0.0000
2005-10-07,313.6300,321.2800,308.0000,312.9900,156.9796,82711200,0.0000
2005-09-30,319.5000,320.9500,305.6000,316.4600,158.7200,78980700,0.0000
2005-09-23,301.0000,319.2200,300.7100,315.3600,158.1683,93351800,0.0000
2005-09-16,301.7500,315.5300,297.9100,300.2000,150.5648,109906200,0.0000
2005-09-09,289.0000,299.2800,285.2800,299.0900,150.0081,45385600,0.0000
2005-09-02,282.2400,289.9900,282.2400,288.4500,144.6716,43767200,0.0000
2005-08-26,281.2400,285.0200,273.3500,283.5800,142.2290,58660400,0.0000
2005-08-19,289.9800,292.7700,275.0000,280.0000,140.4335,73092400,0.0000
2005-08-12,293.6000,295.6500,280.6200,289.7210,145.3091,62419100,0.0000
2005-08-05,288.4800,299.7200,288.1000,292.3500,146.6276,60058500,0.0000
2005-07-29,302.3900,303.2900,286.9900,287.7600,144.3255,81882700,0.0000
2005-07-22,300.0000,317.8000,296.3300,302.4000,151.6682,152478700,0.0000
2005-07-15,296.4000,306.7500,290.9300,301.1900,151.0613,89508600,0.0000
2005-07-08,292.0000,297.6000,288.5100,296.2300,148.5736,67180500,0.0000
2005-07-01,298.9000,309.2500,289.2200,291.2500,146.0759,158761100,0.0000
2005-06-24,276.0800,298.0000,271.7300,297.2500,149.0852,156760000,0.0000
2005-06-17,279.8200,284.1900,267.4300,280.3000,140.5840,133216400,0.0000
2005-06-10,282.3900,299.5900,278.0000,282.5000,141.6874,203171400,0.0000
2005-06-03,269.5600,292.8900,269.3700,280.2600,140.5639,188181300,0.0000
2005-05-27,243.1600,266.0500,242.7100,266.0000,133.4118,188251400,0.0000
2005-05-20,229.6800,241.6700,228.5700,241.6100,121.1791,87276900,0.0000
2005-05-13,228.0000,232.2300,224.7200,229.2400,114.9749,79370600,0.0000
2005-05-06,222.0500,229.8800,220.2100,228.0200,114.3630,107701100,0.0000
2005-04-29,217.8200,224.7400,216.7400,220.0000,110.3406,130328900,0.0000
2005-04-22,184.5800,224.0000,183.4900,215.8100,108.2391,162614400,0.0000
2005-04-15,193.0900,194.8000,184.6600,185.0000,92.7864,73957600,0.0000
2005-04-08,179.9500,195.1000,179.8400,192.0500,96.3223,73675000,0.0000
2005-04-01,181.6800,184.8000,177.6400,180.0400,90.2987,68726400,0.0000
2005-03-24,179.2700,182.1700,177.2500,179.2500,89.9025,43287700,0.0000
2005-03-18,178.3300,180.4000,172.5700,180.0400,90.2987,87962900,0.0000
2005-03-11,187.7800,189.8500,177.1500,177.8000,89.1753,94031000,0.0000
2005-03-04,186.0000,189.8700,184.3100,185.9000,93.2378,77517700,0.0000
2005-02-25,196.5000,198.9000,182.2300,185.8700,93.2228,129585100,0.0000
2005-02-18,186.0800,199.8400,181.0000,197.9500,99.2815,199355400,0.0000
2005-02-11,205.2600,206.4000,185.2500,187.4000,93.9901,147273500,0.0000
2005-02-04,193.6900,216.8000,190.6300,204.3600,102.4964,177906600,0.0000
2005-01-28,188.6900,194.7000,176.2900,190.3400,95.4647,111538800,0.0000
2005-01-21,200.8900,205.3000,188.1200,188.2800,94.4315,85294900,0.0000
2005-01-14,194.5000,200.0100,190.5000,199.9700,100.2946,78253100,0.0000
2005-01-07,197.4000,203.6400,187.7200,193.8500,97.2251,115657400,0.0000
2004-12-31,189.4300,199.8800,189.1000,192.7900,96.6935,52948300,0.0000
2004-12-23,182.0000,188.6000,181.8700,187.9000,94.2409,45698800,0.0000
2004-12-17,172.0300,180.6900,169.4500,180.0800,90.3188,86587100,0.0000
2004-12-10,179.1300,180.7000,168.4700,171.6500,86.0908,65210200,0.0000
2004-12-03,180.2550,183.0000,177.5100,180.4000,90.4793,76644600,0.0000
2004-11-26,168.6000,180.0300,161.3100,179.3900,89.9727,92991900,0.0000
2004-11-19,180.4500,188.3200,165.7300,169.4000,84.9623,152548400,0.0000
2004-11-12,170.8600,189.8000,165.2700,182.0000,91.2818,129133800,0.0000
2004-11-05,193.5000,201.6000,168.5500,169.3500,84.9372,143261600,0.0000
2004-10-29,176.2800,199.9500,172.5500,190.6400,95.6152,208665000,0.0000
2004-10-22,143.1200,180.1700,139.6000,172.4300,86.4820,157728500,0.0000
2004-10-15,137.0100,145.5000,133.4000,144.1100,72.2781,65540600,0.0000
2004-10-08,135.2750,139.8800,132.2400,137.7300,69.0782,66561800,0.0000
2004-10-01,119.5600,135.0200,117.8000,132.5800,66.4953,83394300,0.0000
2004-09-24,116.9500,124.1000,116.7700,119.8300,60.1005,43097600,0.0000
2004-09-17,106.6300,117.4900,106.4600,117.4900,58.9269,48124800,0.0000
2004-09-10,101.0100,106.5600,99.6100,105.3300,52.8281,23593600,0.0000
2004-09-03,105.2800,105.4900,98.9400,100.0100,50.1598,39523700,0.0000
2004-08-27,110.7600,113.4800,103.5700,106.1500,53.2393,55998500,0.0000
